Job ID,Requested Nodes,Requested Walltime,Queued Time
TUB5HFTZ,37,53480.61383261113,1688062000.861932
QHDV6MMY,4,233906.8334216637,1688062000.861932
N4YMEQOZ,30,77944.91529079988,1688062000.861932
FFXC8TBB,33,128535.60832235668,1688062000.861932
TZPDV06E,25,27697.85779413363,1688062000.861932
2X8C5QQZ,21,53355.71348773321,1688062000.861932
FV2N08E8,1,132106.968404684,1688062000.861932
HYFTTOQJ,23,99458.1197396201,1688062000.861932
F2MUDQEW,7,185093.3044061244,1688062000.861932
YB784EDI,12,167208.0750617551,1688062000.861932
1T8JQMCI,25,119511.36186227968,1688062000.861932
8OWWAO4D,14,89211.00938390786,1688062000.861932
0ORALSX2,28,127530.83879980307,1688062000.861932
2OV7X63B,39,23289.689890637135,1688062000.861932
5CTCGFUX,1,128827.94263546479,1688062000.861932
FZD3FFWO,18,229287.72330822752,1688062000.861932
0Y3AV9K4,37,150222.95014301073,1688062000.861932
UZVXSYMO,1,8747.811495591928,1688062000.861932
OBVC7TUN,12,233903.1031298199,1688062000.861932
P30MI2XE,15,178043.97714302698,1688062000.861932
XJE5MBPP,21,47113.223237477534,1688062000.861932
5IANTVSV,39,248624.41529206804,1688062000.861932
KRL0L9W3,25,17427.635364810078,1688062000.861932
9V4GR510,8,124882.86634296794,1688062000.861932
GC1MSFLR,31,218797.8019842176,1688062000.861932
7QIZ8J2Z,31,30702.49615416052,1688062000.861932
JBL7VO9E,24,126445.47501528758,1688062000.861932
YIU7DPPJ,25,76049.02819851729,1688062000.861932
J27QN19E,10,205313.81397334402,1688062000.861932
JC9QFQTQ,33,3474.239838168704,1688062000.861932
QJ50ZXIW,24,199188.4241710244,1688062000.861932
Z2N6K8JL,13,193869.39934202223,1688062000.861932
RQUB35ZV,18,219279.01093977885,1688062000.861932
E9XBCPMR,32,954.1775679067548,1688062000.861932
IXYYFE8K,4,167075.66704388906,1688062000.861932
JSUXV40E,13,212769.39110948602,1688062000.861932
43CF86PI,8,178861.68444428212,1688062000.861932
UIS3ZKLJ,25,75420.24402295964,1688062000.861932
U24GEW4K,38,11344.55202313789,1688062000.861932
M3JH4M9N,9,10449.9789867557,1688062000.861932
